mean_fit_time,std_fit_time,mean_score_time,std_score_time,param_learning_rate,param_max_depth,param_min_samples_split,param_n_estimators,param_subsample,params,split0_test_score,split1_test_score,split2_test_score,mean_test_score,std_test_score,rank_test_score,split0_train_score,split1_train_score,split2_train_score,mean_train_score,std_train_score
67.53412254651387,0.77271754938512,0.13449907302856445,0.030396418368651524,0.02235980266720311,6,2,515,0.8253152871382157,"{'learning_rate': np.float64(0.02235980266720311), 'max_depth': 6, 'min_samples_split': 2, 'n_estimators': 515, 'subsample': np.float64(0.8253152871382157)}",-5.534180024994939,-5.213356400674,-5.368300162438122,-5.371945529369021,0.13100105853427643,1,-2.385687214656466,-2.454542069419208,-2.4216353989723296,-2.420621561016001,0.028119016775732093
31.438544909159344,0.5900145088682082,0.10450140635172527,0.026033045825790174,0.039643541684062936,5,4,287,0.7334834444556088,"{'learning_rate': np.float64(0.039643541684062936), 'max_depth': 5, 'min_samples_split': 4, 'n_estimators': 287, 'subsample': np.float64(0.7334834444556088)}",-5.544133536143353,-5.285725787521196,-5.350986780471443,-5.393615368045332,0.10971641778057183,2,-3.1749727765367672,-3.2843976049456334,-3.2245253718684164,-3.2279652511169394,0.04473866966440227
39.488007148106895,0.5839468574734745,0.0627900759379069,0.021662699607989014,0.06337755684060234,6,6,240,0.718509402281633,"{'learning_rate': np.float64(0.06337755684060234), 'max_depth': 6, 'min_samples_split': 6, 'n_estimators': 240, 'subsample': np.float64(0.718509402281633)}",-5.563944410442392,-5.257048424653788,-5.408326842176899,-5.409773225757693,0.12529393585322188,3,-2.2217077561636294,-2.3357558103537914,-2.314463458960794,-2.2906423418260715,0.049513122047259106
75.65676760673523,0.2536963852088801,0.17009409268697104,0.0019166101699121347,0.03714469540516875,5,7,508,0.9879639408647978,"{'learning_rate': np.float64(0.03714469540516875), 'max_depth': 5, 'min_samples_split': 7, 'n_estimators': 508, 'subsample': np.float64(0.9879639408647978)}",-5.587872843188449,-5.269752825393064,-5.37472397420657,-5.410783214262694,0.1323512700495741,4,-2.705646318760874,-2.8830730064226193,-2.7542951934109974,-2.7810048395314966,0.07485591168178313
39.477267344792686,0.5645617381001884,0.04596090316772461,0.016524147940426635,0.06576275319642724,5,4,280,0.88453678109946,"{'learning_rate': np.float64(0.06576275319642724), 'max_depth': 5, 'min_samples_split': 4, 'n_estimators': 280, 'subsample': np.float64(0.88453678109946)}",-5.6091347955222135,-5.3622979526823435,-5.425831208539141,-5.465754652247899,0.10465026760266297,5,-2.6851184997971607,-2.7142041215848147,-2.7080042330093734,-2.7024422847971166,0.012508525083064671
47.6371324857076,0.2695756261433398,0.07726724942525227,0.003272097452690339,0.041400718421970475,3,2,543,0.7579526072702278,"{'learning_rate': np.float64(0.041400718421970475), 'max_depth': 3, 'min_samples_split': 2, 'n_estimators': 543, 'subsample': np.float64(0.7579526072702278)}",-5.632901585716227,-5.388130658133011,-5.403697190258938,-5.474909811369392,0.11189766098703124,6,-3.952826135324694,-4.036574160834939,-4.031945083646616,-4.007115126602083,0.03843460263305432
57.96078944206238,0.3852292056485906,0.16027474403381348,0.029250191020510578,0.08384868504100158,4,6,479,0.7427013306774357,"{'learning_rate': np.float64(0.08384868504100158), 'max_depth': 4, 'min_samples_split': 6, 'n_estimators': 479, 'subsample': np.float64(0.7427013306774357)}",-5.680701330538448,-5.385022242687665,-5.378302882572844,-5.481342151932985,0.14099491485102505,7,-2.56566130254378,-2.6479977823813994,-2.6475305117103867,-2.6203965322118554,0.03870412217996684
37.10500152905782,0.73028312641022,0.09164667129516602,0.013872460063400182,0.1262520499972521,4,5,387,0.7465447373174767,"{'learning_rate': np.float64(0.1262520499972521), 'max_depth': 4, 'min_samples_split': 5, 'n_estimators': 387, 'subsample': np.float64(0.7465447373174767)}",-5.677876889562981,-5.340214998139829,-5.464357300899006,-5.494149729533938,0.13945030138091202,8,-2.347671059347151,-2.424169660436086,-2.3613867984085237,-2.37774250606392,0.03330306163926071
39.589229583740234,0.08607870106509746,0.06151596705118815,0.01612299499903508,0.09665329700123683,5,5,254,0.9932923543227152,"{'learning_rate': np.float64(0.09665329700123683), 'max_depth': 5, 'min_samples_split': 5, 'n_estimators': 254, 'subsample': np.float64(0.9932923543227152)}",-5.682372402234542,-5.331941649834829,-5.495558273952498,-5.503290775340623,0.1431672023431465,9,-2.3872342615817472,-2.528981431973529,-2.4238190468833167,-2.4466782468128643,0.06008312211474736
46.580563386281334,0.4690810963564254,0.08980313936869304,0.024015969900326773,0.08116262258099886,7,4,271,0.8394633936788146,"{'learning_rate': np.float64(0.08116262258099886), 'max_depth': 7, 'min_samples_split': 4, 'n_estimators': 271, 'subsample': np.float64(0.8394633936788146)}",-5.638437903371814,-5.398260327105221,-5.514985102798509,-5.517227777758515,0.09806490785378165,10,-1.1604078446924238,-1.163104923182896,-1.1495663287000089,-1.1576930321917762,0.005850985120944447
56.78385138511658,1.1913953573067828,0.1046007474263509,0.002247723120073165,0.08322913548258405,4,6,585,0.8736932106048627,"{'learning_rate': np.float64(0.08322913548258405), 'max_depth': 4, 'min_samples_split': 6, 'n_estimators': 585, 'subsample': np.float64(0.8736932106048627)}",-5.693875371371446,-5.4726293421074015,-5.388196197944515,-5.51823363714112,0.12889208163132657,11,-2.3356325694479967,-2.394630304901796,-2.4086252761679217,-2.3796293835059044,0.03163072915820443
42.12322735786438,0.7755231426394116,0.15402714411417642,0.003202202733724176,0.09077961615333649,4,5,509,0.6125253169822235,"{'learning_rate': np.float64(0.09077961615333649), 'max_depth': 4, 'min_samples_split': 5, 'n_estimators': 509, 'subsample': np.float64(0.6125253169822235)}",-5.704915296271613,-5.501877055840127,-5.391769643826484,-5.532853998646075,0.1297040943854477,12,-2.460878884764975,-2.520812457868556,-2.4956273861788256,-2.4924395762707854,0.024571391159203954
44.885218938191734,0.6844691389781203,0.12691068649291992,0.01063813722337982,0.09868494971711618,7,4,334,0.6682096494749166,"{'learning_rate': np.float64(0.09868494971711618), 'max_depth': 7, 'min_samples_split': 4, 'n_estimators': 334, 'subsample': np.float64(0.6682096494749166)}",-5.6440688663720815,-5.416553253520416,-5.57821225597175,-5.546278125288082,0.09558828397423484,13,-0.7328194015234636,-0.7906273875282886,-0.7394280064305231,-0.7542915984940918,0.025834545196405132
43.418727238972984,0.8028810842556721,0.15073251724243164,0.012718493001924186,0.09362897381052425,6,6,463,0.6137554084460873,"{'learning_rate': np.float64(0.09362897381052425), 'max_depth': 6, 'min_samples_split': 6, 'n_estimators': 463, 'subsample': np.float64(0.6137554084460873)}",-5.705574516927409,-5.399080642010569,-5.591880655989614,-5.565511938309197,0.1265071955646978,14,-1.0628995986490635,-1.108473266616454,-1.0717151425034739,-1.0810293359229972,0.019736690912996006
61.65947993596395,0.6913825430607506,0.2156076431274414,0.025038996561113767,0.12360099597410618,6,2,389,0.7301321323053057,"{'learning_rate': np.float64(0.12360099597410618), 'max_depth': 6, 'min_samples_split': 2, 'n_estimators': 389, 'subsample': np.float64(0.7301321323053057)}",-5.7657721578379615,-5.477402429194741,-5.559638665575656,-5.600937750869452,0.12129436902021856,15,-0.8299738900954704,-0.8595188641240358,-0.8238311147506157,-0.8377746229900406,0.015578670013928965
84.44204290707906,0.28375899865189,0.18381269772847494,0.008751981595526273,0.17003410717304973,6,3,401,0.9579309401710595,"{'learning_rate': np.float64(0.17003410717304973), 'max_depth': 6, 'min_samples_split': 3, 'n_estimators': 401, 'subsample': np.float64(0.9579309401710595)}",-5.69945515178611,-5.4697873005208075,-5.6841311495975875,-5.6177912006348345,0.10484137890957225,16,-0.5416127333364722,-0.5914351142424755,-0.5461613955134799,-0.5597364143641426,0.022491157705234684
79.44232734044392,1.0792617195761762,0.21945985158284506,0.011160305938382865,0.12621410049277337,7,5,544,0.7164916560792167,"{'learning_rate': np.float64(0.12621410049277337), 'max_depth': 7, 'min_samples_split': 5, 'n_estimators': 544, 'subsample': np.float64(0.7164916560792167)}",-5.732350122310554,-5.53933692370854,-5.6464123067874885,-5.639366450935527,0.07895465691209543,17,-0.2090646439053852,-0.2038557303692327,-0.20267087676419474,-0.2051970836796042,0.00277722716528257
95.83838804562886,0.8883974043755709,0.24607062339782715,0.018469132737171073,0.1827708763949686,6,3,559,0.902144564127061,"{'learning_rate': np.float64(0.1827708763949686), 'max_depth': 6, 'min_samples_split': 3, 'n_estimators': 559, 'subsample': np.float64(0.902144564127061)}",-5.792824583494771,-5.550112107554695,-5.6185749373946505,-5.653837209481373,0.10217601600107848,18,-0.23517716230826918,-0.25684753893999385,-0.24810221967338658,-0.2467089736405499,0.0089015787633884
42.329993724823,1.2745984256011955,0.033449252446492515,0.004376816093269465,0.16013335270092907,5,6,430,0.8604308102007778,"{'learning_rate': np.float64(0.16013335270092907), 'max_depth': 5, 'min_samples_split': 6, 'n_estimators': 430, 'subsample': np.float64(0.8604308102007778)}",-5.77240960468013,-5.587961836483586,-5.613754871715726,-5.6580421042931475,0.0815526988116534,19,-1.1421020017763108,-1.155371863451466,-1.1658389533482394,-1.1544376061920054,0.009713061479340132
48.89386240641276,0.4472414246652482,0.08270613352457683,0.02454406552842429,0.16816410175208013,4,5,476,0.8469926038510867,"{'learning_rate': np.float64(0.16816410175208013), 'max_depth': 4, 'min_samples_split': 5, 'n_estimators': 476, 'subsample': np.float64(0.8469926038510867)}",-5.833759113587241,-5.571512659173306,-5.569949095842013,-5.658406956200853,0.12399434263335839,20,-1.6929839532561015,-1.767707264248473,-1.7671037182222586,-1.7425983119089443,0.03508351469803763
